id,seq_len,line,arc,circle,sol,extrude
00000007,3,0,0,1,1,1
00000061,7,4,1,0,1,1
00000062,204,112,40,0,26,26
00000069,90,56,8,4,13,9
00000070,22,12,4,0,3,3
00000093,52,0,36,1,8,7
00000102,3,0,0,1,1,1
00000119,6,4,0,0,1,1
00000123,8,0,0,3,3,2
00000126,11,4,0,2,3,2
00000131,5,0,0,2,2,1
00000132,5,0,0,2,2,1
00000133,5,0,0,2,2,1
00000134,6,4,0,0,1,1
00000137,56,17,2,16,19,2
00000144,7,0,0,3,3,1
00000168,12,9,1,0,1,1
00000172,25,16,0,1,5,3
00000178,3,0,0,1,1,1
00000190,6,4,0,0,1,1
tot,536,242,92,39,97,66
